12685,4080,598,15689,2221,-559,15078,5487,2500,14922,6933,-55,17031,4725,-2041,13891,3874,-1497,14076,2413,-326,13571,3237,-74,15068,2566,-2299,12005,3448,-880,12573,4334,145,14270,2981,-3145,11185,2499,-1092,12559,2975,1838,13096,3331,125,12638,4623,-293,14283,5473,1302,13337,5382,977,12999,4375,-1228,15876,2621,1878,12269,4210,1781,15747,3009,1820,14782,4502,-385,14915,6359,-469,16258,6244,37,14905,3272,-2967,13905,1508,-1667,13531,3571,1309,14664,3070,-579,12560,3099,-2462,12649,3689,-678,13136,3914,-612,12378,2576,-2414,12682,2481,752,12873,4438,2257,12431,5186,-334,14616,5376,-554,13725,4846,1869,12588,4671,1681,15354,2070,-1036,13390,3040,1560,15276,4277,2507,14188,4865,35,15764,5243,-2414,15423,5936,-353,14729,3577,345,14017,1533,-2624,14123,2721,-866,13623,3991,864,12449,3884,-1865,13701,3196,-2061,12577,3907,-1013,11962,3618,-214,13394,2317,100,12337,3647,265,12862,5505,2183,14586,4992,209,13212,4247,-1804,14208,3681,2654,14051,3940,2264,14104,2818,-766,16426,3445,1646,13032,6453,1740,16401,5706,-2388
73,3797,67,15240,3508,3122,12400,3714,1094,17442,3016,-264,12956,5440,1149,15682,6203,-240,15809,4749,-2498,14437,2371,-1496,13326,2726,-433,14012,3380,429,14598,3021,-2464,12020,4046,-521,13056,3717,308,12798,2912,-3290,12225,2864,-745,12912,3221,1974,11940,3867,-23,13981,4991,-41,13772,5087,2146,13169,5407,657,14531,3602,-1422,14869,2621,2008,12899,4019,1456,16892,4124,1747,14767,5833,-913,15549,5270,-740,14625,5407,-244,14861,2517,-2710,13552,2072,-1718,13326,3022,1704,13323,3378,-960,13661,3532,-1956,13016,3505,-1068,11268,3663,-1177,13179,2864,-1126,12805,2626,425,12216,4525,2230,13237,4878,1196,14286,4542,-1495,13237,5260,509,14729,3920,2554,14052,3332,-65,14575,2047,466,15193,6030,3110,15599,6544,-805,16437,4996,-2515,14152,4556,-64,13897,2407,-1036,14078,2440,-1399,14194,2133,-1077,12048,4077,-27,13365,4305,-736,14087,2915,-3336,10893,2953,-105,12542,3178,819,13599,3135,-841,12107,4235,1104,13895,5380,2565,13600,4766,-652,12890,4437,-1534,15898,3093,3528,12058,4419,429,16156,2744,796,14484,4699,1144
14794,6908,192,16846,5721,-1002,14474,3133,-3573,13820,2531,-472,13596,3461,618,15365,2523,-1768,11819,2996,-1036,12927,4042,-165,13777,3831,-1924,11950,2581,-2552,12597,2778,1797,12596,3830,1512,12902,4488,-848,13954,5258,819,13966,5333,1836,12679,4968,-384,15798,1906,-752,12752,4046,3050,15445,3466,1995,14515,4469,-644,15074,5517,-820,15651,6210,-508,15175,3481,-1522,13822,1368,-2468,13989,3328,374,13902,3734,633,12708,3300,-2847,13128,3515,-1105,12568,4410,-349,12520,2925,-1990,12598,2275,427,12910,3524,2039,12220,5032,696,14872,5137,-702,13696,4620,10,13115,5184,2305,15418,3237,232,13669,2691,502,15920,3800,2438,13570,5492,968,16321,4892,-2723,14734,5003,-1419,14513,3691,793,13674,2341,-2691,14450,2597,-926,13383,3787,5,12220,4231,-282,13993,3237,-1891,12169,3163,-2574,11848,3533,1134,13522,2446,-312,11949,3169,-559,13528,5717,3139,14133,5180,1241,13461,5080,-2339,14857,3851,688,14148,3812,3873,13541,3070,-870,16974,2838,1282,13303,6725,1368,16074,5387,-1395,15325,5097,-2930,14113,2709,-1277,13050,3151,547
7,2500,-563,13349,2701,-2145,12397,4137,830,13318,3494,-1263,12585,2844,-3614,12175,3067,255,13077,3719,1856,12045,4261,-520,14147,4717,1141,13527,5201,1835,12840,5359,-622,15249,2909,-785,13713,2769,2640,13270,3491,1584,16717,4913,356,15169,5888,-659,15538,5960,-32,14700,4817,-803,14697,1923,-3666,13515,2402,38,13767,3263,1365,13234,3148,-2281,13259,3423,-1383,12901,4294,-830,11720,3462,-1252,12867,3005,-1576,13033,3051,1349,11945,4552,2631,13629,4469,-691,13606,4362,-900,13185,5045,2074,14831,3797,1744,13956,3097,-2047,14945,2692,3601,14121,5420,2171,16359,5844,-2458,16111,5651,-852,14320,4433,-747,14143,2582,-1609,14409,2788,-1693,14015,3051,32,11798,3868,497,13681,3796,-2523,13678,3454,-2210,10994,3504,51,12928,2566,101,13237,3056,-713,12123,4677,2423,14219,4836,1959,13712,4572,-1572,13455,4342,284,14947,3663,2271,13070,4236,565,16626,2475,455,13055,5147,1892,15357,6237,-358,16731,5499,-2907,14505,3130,-1839,13298,2923,689,14363,3632,-595,15007,2360,-1666,11302,3299,-470,12628,3727,-466,14486,3513,-2805
11370,2897,-1642,12730,2878,2824,12504,3607,-103,13060,4349,-794,14189,5814,2306,13180,4915,291,14036,4044,-698,15089,3012,1347,12980,4488,2814,16434,3686,617,14104,4371,-271,15037,5578,-270,15148,5407,-989,15413,2946,-1805,13390,1990,-2233,13820,3615,1660,14210,3248,-1092,12810,3158,-2695,12936,3383,278,12002,3587,-1682,12738,3049,-1560,13057,2611,1202,11781,4246,1425,13276,4766,40,14510,4860,78,13394,5376,851,13733,4565,839,15506,3026,951,13555,3055,390,15688,4591,3013,14994,5851,-364,15688,4418,-2496,14701,5494,-364,14212,3163,-480,14250,2431,-2830,13572,2320,-249,13027,3586,449,12844,3991,-1056,13868,2560,-2421,11477,3604,-1143,12153,3253,571,14105,2819,-888,11621,4250,728,13866,4948,3053,13633,4378,-525,13594,5241,-1524,15284,3982,2293,12873,3988,2410,15213,2269,-1231,15545,4721,2031,14600,7104,938,16501,5053,-2232,14623,3887,-1880,13765,2803,-794,13531,3269,601,14954,2239,-1816,12255,2669,-1626,12607,4328,849,13947,3333,-2889,11714,2888,-2109,12301,3357,1383,13183,3675,849,12389,4154,-353,13988,4660,1277
13318,5168,938,13044,4803,-1171,15696,2848,1600,13105,4182,1618,14339,3386,2307,16089,4244,-376,14589,5944,-915,16043,6286,567,14748,3718,-2635,14203,1652,-2476,13759,3539,989,14326,3078,341,12760,2781,-2547,12685,3685,-1136,13364,4353,-384,11784,3181,-1875,12973,2445,-375,12946,3828,2113,12084,4696,830,14395,4565,-977,13941,5124,1418,12716,5369,2057,15337,2739,-825,13777,3233,220,14881,3587,3257,14019,4715,820,15722,4970,-2133,15967,6087,-1102,14421,4390,-138,14297,2045,-1918,14075,2865,-1559,13972,3504,1070,11718,3401,-698,13666,3079,-2879,13413,3868,-1125,11091,3899,-392,13842,2398,-126,12388,3291,392,12608,4957,2209,14298,5188,843,13961,4513,-1772,13689,4510,1697,14328,3862,2034,13896,2982,568,16295,2967,466,12948,5628,2045,15649,5883,-1384,15852,5057,-3330,14258,3493,190,13083,2806,-302,14889,2586,-716,14244,2421,-1846,11528,4004,68,13570,3677,-851,13403,3428,-3881,11715,3404,451,13163,3068,1956,12075,3271,-740,13596,4572,801,13723,5981,2306,13477,4625,-875,14301,3995,-1171,15061,3675,3339,12500,3907,1523
17265,3510,461,13702,5356,5,15357,5670,-154,15208,4915,-1814,14747,2263,-2415,13475,2774,-736,13457,2969,1531,14246,2925,-2358,12608,3747,-1414,13261,3822,151,11742,3537,-2685,13000,2881,-931,12929,2936,1881,11380,4316,908,14289,4200,392,13557,4940,104,13358,6205,763,14518,3975,391,14900,2689,1097,13233,2831,1204,15895,4771,2575,15672,5710,-1298,15708,4978,-2222,14322,5684,535,14589,2903,-2270,13995,2120,-2013,13693,2446,869,12350,3345,-52,13735,3693,-1626,13423,3350,-2509,11011,3864,-170,12845,2757,-580,13480,2928,-346,11975,4584,2084,13318,4946,1491,14280,4386,-1658,13083,5055,153,15098,3862,3664,13025,3303,-710,15624,1981,903,14312,5448,2438,15296,6694,-476,17009,5534,-1999,13976,3889,-1969,14007,2853,126,13871,2928,-657,14843,1803,-1892,11557,3218,258,12874,4208,-458,14723,3578,-3140,10981,3205,-1445,12838,3112,1462,12825,3325,231,12905,4091,702,13673,5363,1710,13759,4833,759,13148,4470,-894,15367,2833,495,12571,4453,2444,16026,2900,1204,14039,4088,-92,15016,6310,96,16141,6204,-1231,15269,3165,-2842
05,1827,-1392,13763,3766,1320,14919,2810,-571,11823,2707,-2450,13125,3568,-434,12911,4649,-1297,12517,2978,-2849,12944,2481,1575,12226,4244,2029,12868,4022,-469,14767,5277,350,13572,5128,679,13182,4863,898,15765,2880,-103,13258,3276,1927,15581,4148,2351,13905,4739,-99,15833,4948,-2274,14652,6021,-605,15012,3491,84,13764,1808,-3408,13880,2454,287,13606,3568,647,12336,3710,-1940,13954,3048,-1819,11975,4376,-1432,12213,3549,-128,13653,2428,-110,12190,3298,733,12718,5600,2117,14707,4758,235,13476,5025,-1399,14438,4653,1916,13962,3651,2459,14464,2473,-1079,15951,3890,2118,13822,6585,1321,16081,4856,-2392,15056,4721,-2195,14163,3058,-34,13269,2845,-513,14710,1751,-1358,12915,3174,-1104,12600,4645,696,13762,3293,-2097,12258,3352,-3052,12242,3618,1378,13046,3206,474,12446,3827,-932,13643,4931,2772,13477,5164,1328,13287,5115,-1868,15456,2796,411,13408,3968,3411,13735,2917,265,16826,4279,404,14573,6471,538,15614,5877,-583,15163,4528,-2011,14095,1901,-2926,13377,3279,1229,14342,2865,327,12965,2808,-3020,12911,4108,-70
0,4552,64,13914,4727,1331,13251,6146,705,14663,4087,-638,15025,2782,1349,13170,3786,1279,16242,4513,2499,15240,5724,-1021,15286,4934,-1724,14850,5489,315,14410,2580,-2213,13837,1767,-2134,13405,2416,1305,12776,3472,-164,13764,3596,-2312,13035,3376,-1621,11328,3973,-1080,12704,2770,-452,13623,2450,62,11797,4527,2050,13373,4938,1621,14406,4345,-1873,13048,5917,-150,15204,4040,3302,13436,3451,218,14890,1990,240,15146,5422,2842,15135,6401,-158,16531,4990,-2799,14411,4246,-1065,13551,2631,-349,14186,2453,-805,14321,1960,-1597,12137,3412,-94,12711,4454,-253,14516,3443,-3363,11107,3105,-704,12467,3430,1039,13585,3257,-382,12281,4254,996,14039,5321,1617,13556,4891,664,13188,4412,-1155,15504,3219,1564,12734,4003,1773,15530,2476,1461,14640,4162,129,14561,6546,-68,16617,6064,-811,14797,3326,-3172,13590,2119,-1280,13835,3833,1144,14870,2829,-739,12059,2743,-2082,12627,4065,-405,13668,4062,-1220,12027,2787,-2807,13098,2594,1245,12322,4141,1990,12757,4399,-479,14687,5190,338,13515,5276,1077,12922,4684,409,15448,2099,-427
13197,3686,2390,15485,3923,2122,14202,4588,-137,15280,5227,-1900,15440,6161,-559,14591,3635,-409,14166,1540,-3096,13676,3174,116,14045,3757,780,12454,3152,-2218,13478,3105,-1509,12606,4056,-995,11906,3670,-1064,13909,2412,255,11939,3848,937,12752,5551,1410,14709,5054,364,13506,4563,-1074,13776,4512,2128,14472,3504,1944,14375,2423,-686,15694,4034,2407,13871,6132,896,16053,4918,-2179,15101,4858,-2336,14091,3234,460,13746,2864,-1302,14348,2159,-1326,13387,3239,-700,12007,4746,299,14208,2882,-2102,11737,3245,-2908,12178,3616,1440,13446,3127,174,12067,3913,-772,14046,5035,2884,13058,4901,1468,13588,4592,-1985,14781,3627,308,14180,3855,3783,13241,3079,-190,17143,3876,559,14239,6514,677,16032,6057,-1021,15259,4473,-1901,13802,2253,-2628,13667,3075,1335,14101,2739,-42,13460,2623,-2866,12382,3909,21,13597,3735,-951,11802,3101,-2638,12857,2655,-22,12749,3972,1688,12022,4481,414,14308,4364,-41,13470,4871,1044,12552,4951,887,15642,2935,789,13529,3177,-281,14345,3879,3350,15405,4805,1065,15489,5785,-2082,16013,6268,-125
7,3378,-2429,13276,3255,-918,11177,4261,-937,13251,2983,-840,13183,2939,-77,12180,4585,1975,13342,4765,1738,14377,4101,-1608,13130,5515,439,14926,4089,2923,13758,3573,-443,14956,2345,430,14767,5519,2873,15572,6138,-101,16395,4832,-2505,14181,4302,-964,13810,2774,-535,14155,2721,-1197,14365,2165,-1721,11956,3803,258,13039,3997,-353,14055,3347,-3342,11185,3165,-684,12748,3148,998,13178,3259,-412,12665,4286,920,13839,5203,1912,13741,4379,343,12879,4542,-1125,15910,3512,1696,12208,4458,1763,16347,2547,1048,14051,4023,425,14813,6366,194,16540,6054,-1227,14717,3414,-3236,13804,2309,-1197,13533,4198,1065,15341,2735,-786,11670,2539,-1804,12705,3680,-351,13345,3987,-1482,12333,2911,-2565,12646,2782,1196,12677,4122,1978,12816,4443,-704,14445,5216,791,13611,5146,1577,12883,5020,-7,15920,2511,-319,12973,3891,2604,15749,3998,1855,14179,4358,-372,15289,5072,-1613,15113,6241,-294,14999,3689,-885,13903,1491,-3177,13624,3070,785,13935,3483,161,12607,3051,-2197,13468,2942,-1552,12188,4366,-790,12469,3752,-1304,13596,2555,297
12017,3695,1171,12877,5285,1454,14605,4906,43,13456,4790,-973,14259,4819,2090,14157,3715,1488,14314,2335,-781,15532,4022,2666,13973,6236,698,16168,4322,-2243,14549,4866,-1748,14766,3568,192,13597,3033,-1567,14275,1834,-1350,13131,3136,-333,12197,4432,317,14230,2867,-2084,11741,3578,-2490,12369,3753,1249,13269,3181,-391,12257,4000,-578,13868,4918,3492,13112,4759,1039,13405,4987,-2191,15431,3380,1178,13329,4120,3179,14027,2560,-272,16428,3816,697,14592,6532,971,15960,5757,-791,15160,4689,-2371,14003,2125,-2393,13351,3631,1508,14433,2854,-564,13124,2472,-2566,12422,3864,300,13192,3755,-1248,12395,3117,-2823,12344,2962,302,13092,3793,1810,12123,4155,365,13975,4218,-332,13913,4953,1862,12080,4981,604,15956,2960,-367,13127,3232,684,14707,3757,3526,15196,4615,335,15459,5268,-1908,15965,6505,85,14485,4551,-1245,14874,2127,-2866,13591,2914,-838,14051,3516,1614,12663,2842,-1488,13154,3040,-2173,13122,4165,-538,11472,3676,-886,13421,2684,-1281,12498,3167,1384,12198,5044,2134,14266,4688,-29,13853,4481,-314,13357,5206,1949
14350,3689,699,14437,3412,65,15633,3117,1460,13143,5139,2185,15923,4691,-1746,15784,5247,-2425,14865,4346,54,13441,2547,-767,14698,2708,-1453,13987,2947,-777,11370,3596,57,13508,3259,-1486,13468,3521,-3006,11583,3946,-154,12948,2909,1506,12713,3470,-783,12888,4648,1304,13960,5560,2485,13530,4087,-1855,14211,4189,-93,14902,4247,3506,12858,3597,644,17253,3139,339,13384,5040,664,15279,5681,-4,15781,4877,-2586,14475,2899,-2098,13779,3264,-323,13335,2926,735,14439,2271,-2523,12223,3606,-233,12673,3775,87,12918,3133,-3158,12095,3381,-786,13287,3384,1966,11336,3989,-254,14438,4328,605,13406,4792,1529,13201,5931,467,15208,3819,-614,14381,3072,1454,13745,3629,1649,15896,4490,1650,15605,5293,-1310,15391,5127,-973,14595,5604,229,14803,2701,-3004,13758,2391,-1553,13452,3093,1449,12981,3105,-778,13229,2958,-2277,13158,3193,-924,11074,3907,-1086,13174,2773,-797,13192,3080,-206,12028,4909,2181,13816,4494,835,13979,4294,-1664,13334,4952,1252,14598,4172,2764,13898,3517,-1424,15401,2629,1443,14129,5610,2706,15944,5736,-829
13327,3339,493,12566,3603,-1294,13377,5015,2365,13391,4977,2484,13955,4679,-1903,14581,3986,181,14342,4526,3529,13658,3680,-288,16751,3415,448,13908,5635,862,15539,4989,38,15296,4591,-2266,14486,2525,-2108,13522,3514,587,13498,2562,-107,13961,2444,-2527,12248,3595,-319,13032,3468,-131,12534,3349,-2932,12577,3298,-383,13065,3931,1868,11829,4254,-232,14397,4022,747,13272,4763,806,12843,5533,701,15578,3157,567,13667,3532,191,14226,3705,2665,15673,4507,902,15658,5003,-1432,15557,5390,-148,14438,5002,-300,14756,2485,-3225,13744,2906,-1470,14009,3159,1167,12266,3103,-946,13701,2932,-2057,12824,3779,-794,11284,3703,-462,13440,2760,-1066,12876,3536,24,12506,4958,2589,13489,4158,82,14368,4232,-172,12952,4813,1975,14542,3847,882,14237,3428,-589,15328,2738,1581,13377,5268,2343,15936,5224,-1120,16284,5556,-2517,14513,4269,-394,13723,3045,-531,14685,3157,-1974,14434,2478,-789,11042,3168,585,13224,2923,-1338,13919,3536,-2719,11446,3819,-353,12843,3377,625,13058,3308,-161,12680,4421,702,13998,5552,2390,13552,4145,-712
13705,4486,-486,15240,3844,2651,12660,4309,1911,17133,3096,-541,13286,4505,819,15158,5868,145,15678,5049,-1766,15022,3187,-2162,13554,2761,-686,13585,3321,895,14666,2492,-2750,12013,2972,-940,12814,3918,414,13001,3517,-2391,12417,3354,-1671,13085,3353,2245,11860,4272,221,13837,4395,-710,13884,4681,2279,13186,5397,928,14351,4305,-634,15338,3065,1116,13057,3945,1325,15896,3975,2227,15120,4966,-1217,15132,4582,-709,14781,5597,-53,14714,3400,-2255,14006,2527,-2631,13281,2876,925,12886,3258,123,13517,3017,-2130,12849,3106,-912,11739,4294,-891,12948,3576,-1177,13084,2845,-383,12306,4192,1548,13126,4665,2624,14154,3972,-1902,13363,5172,285,14921,4361,3196,13520,4187,-697,15287,2057,188,14529,5001,2820,15322,6124,269,16461,4890,-2636,14337,4671,-862,13855,3333,-825,14359,3324,-1303,14537,2208,-1594,12099,3053,246,12684,3583,-181,14254,3231,-2797,11273,3619,-959,12473,3658,1059,13373,3383,-1220,12315,4066,749,13877,4855,2697,13526,4644,802,13052,4639,-1502,15713,3439,1858,12534,4742,1651,16179,2775,294,14016,3424,703
14823,5949,645,16425,6285,-1268,15072,3863,-2994,13956,2728,-1005,13629,4022,686,15257,2619,-1138,11991,2308,-1762,12287,3520,37,13637,3940,-1384,12146,3539,-2524,12862,3016,658,12486,4109,1836,12728,3993,-660,14230,4658,885,13470,4825,2404,13190,4924,-499,15518,3092,-714,13442,3886,2518,15492,4042,1620,14187,3995,78,15310,4426,-1412,15128,6340,-45,15341,4045,-1216,14089,2217,-3378,13729,3273,396,13594,3345,481,12626,2782,-1699,13291,2842,-1389,12211,4544,-859,12519,3972,-1456,13365,2567,-348,12112,3506,1511,12555,4846,1668,14481,4218,649,13455,4709,-916,14111,5108,1661,14395,4258,1430,14865,2796,-922,15369,3907,2937,14157,5730,968,16392,4241,-2209,14775,5192,-2058,14348,3863,156,13771,2963,-1173,14082,1803,-1755,13105,2754,-368,12077,4056,532,14149,2802,-2281,11735,3585,-2219,12298,4017,848,13209,2925,57,12173,3274,-680,13631,4528,3254,13144,4790,682,13981,5159,-1898,15257,4103,1337,13563,4955,2409,14596,2867,227,16016,3919,326,14801,6021,1014,15519,5429,-190,15322,4232,-2345,13899,2404,-2983,13334,3427,890
12905,3231,-833,13010,3687,1880,11532,4332,28,14759,4264,977,13373,5019,731,12947,5842,677,15452,3200,642,13724,3333,92,13920,3465,2409,15574,4490,1477,15737,5246,-1412,15586,5341,-578,14320,5214,-119,14737,2515,-3009,13948,2643,-1852,13688,3038,1302,12576,3038,-337,13348,3145,-2377,13336,3699,-883,11142,3901,-783,13244,2862,-765,13168,3340,-199,12151,5084,2634,13449,4540,639,14609,4415,-992,12617,5014,1905,14798,3787,1226,13813,3324,-509,15636,2402,1526,13643,5133,2339,15476,5716,-711,16826,5549,-3225,14159,3992,-553,13755,3092,-266,14742,3249,-1678,14292,2433,-898,11480,3531,291,12971,3328,-991,14157,3531,-2999,11203,3449,-517,12950,3294,1273,12680,3449,-220,12835,4175,599,13878,5875,1953,13673,4267,-348,13804,4339,-964,15099,3390,2604,12887,4140,2200,16903,3229,-426,13720,4528,680,14996,6119,-108,15695,4977,-1162,15143,3364,-2679,13359,2551,-1278,13756,3302,1582,14358,2563,-2192,12316,3052,-1225,12938,3652,503,12420,3583,-2694,12945,3108,-1723,12938,2891,2034,11496,4381,766,14057,4467,-232,13740,4855,1578
13151,6015,527,14645,3835,-189,15041,2873,1102,13432,3709,1048,15900,4525,2923,15242,5387,-1035,15596,4799,-1813,14489,5442,298,14749,2789,-1919,14159,2226,-2508,13169,2503,728,12776,3388,245,13443,3449,-2060,13303,2867,-1674,11181,4044,-350,12803,2939,-1062,13528,3020,-63,11867,4718,1551,13462,5004,2163,14311,4297,-1834,13017,5425,163,15240,3955,3572,13096,3341,-648,15792,2128,695,14365,5531,2312,15740,6405,386,16479,4987,-2525,14242,3875,-2032,13697,3173,67,14341,3201,-1184,14455,1878,-1652,11924,3360,457,12559,3875,-540,14404,3335,-2912,11151,2969,-1553,12511,3044,1591,12988,3690,-106,13029,4544,637,13855,5739,1761,13634,4833,582,13384,4222,-669,15250,2779,416,12834,4201,3168,16066,2835,630,14427,4376,-188,14988,6375,305,15891,5974,-1600,15344,3121,-2138,13026,1883,-1878,14073,3547,1629,14298,2831,-505,12297,2543,-2903,12969,3712,424,12667,4218,-1748,12991,2825,-2621,12503,2757,1592,12240,4491,1849,13088,4552,-144,14689,5201,-8,13417,5504,956,13371,4459,158,15895,2629,973,12999,3176,1375,16061,4491,2586
14252,5013,56,15433,5031,-2740,14990,5341,-131,14262,3320,-521,14390,1848,-3381,13341,2440,477,13171,3544,453,13078,3921,-1278,13603,3005,-2411,11837,3945,-1133,12301,3317,-2,13793,2519,-395,11898,3932,1275,13151,5659,2049,14388,4224,54,13206,5960,-1823,15390,4317,2342,13148,3168,2564,14834,1897,-1238,15456,4534,2470,14752,6910,552,16419,5249,-2606,14617,4416,-1921,13902,3125,-444,13861,2638,602,14233,1590,-1960,12542,3053,-844,12383,4448,219,14188,3380,-2801,11514,2993,-2071,12555,2945,1385,12822,3440,860,12750,4316,-438,13970,5624,1626,13761,5403,422,12518,4143,-733,15808,2865,1438,12694,3470,1675,14846,2974,2296,15690,4199,-805,14901,6882,-193,16182,6658,-328,15060,3272,-2564,13538,1655,-2255,14005,3467,836,14308,2866,470,12565,2811,-2392,12870,3669,-1191,13026,4618,-474,12038,2899,-2869,12863,2504,580,12508,4217,2397,12394,4715,381,14538,5040,-223,13804,4997,938,12819,5044,940,15459,2171,-620,13477,2831,2008,15344,4047,2419,14318,5139,793,15723,5510,-2825,15342,6056,-1289,14486,3797,778,14062,1303,-3072
10948,3391,-591,13520,2111,484,12722,3116,565,12505,5700,1894,14415,5783,601,14125,5110,-1837,13650,4907,604,14931,3270,3605,13005,2206,408,16880,2729,410,13235,6128,1895,15713,5959,-1497,15869,4636,-2944,14206,3299,-1055,13433,2607,-68,14084,2106,19,13596,2284,-2463,12234,4727,806,13357,3599,-1132,12782,3071,-4345,12255,3063,613,12707,3163,1936,12295,3985,-273,14156,5018,1322,13320,5302,1586,12795,5498,-1217,15951,3125,-584,13735,3079,3080,13209,3134,1431,17187,4414,1093,14824,6347,-833,15529,6180,-655,14955,4973,-875,14594,1726,-3852,13581,2238,423,13021,2407,1859,13499,2790,-2274,12849,3658,-1831,13128,4237,-828,11295,3564,-2014,13459,2460,-981,12633,3272,2055,11906,4692,2242,14270,4569,-244,14526,5477,-653,12259,5798,1325,15594,3162,815,13413,2646,-693,15120,2973,3512,14024,5312,1966,16431,5778,-2140,15764,5842,-2547,14678,4496,-118,13663,1832,-755,14531,2180,-2335,13819,2582,979,11794,3977,163,13512,3928,-3092,13819,3845,-1961,10725,3402,-425,13061,2195,387,13002,2955,666,12533,5291,1582,14147,5827,1251
12618,2402,-2865,12861,2247,2328,11659,4008,1812,13723,5197,559,14062,4769,990,13387,7091,-665,14396,4322,331,15349,2158,1337,12702,2372,467,16274,4682,3640,14624,5825,-439,16173,5118,-3223,14353,5536,-294,14658,2603,-1203,13968,1649,-2271,13382,1834,745,12640,3584,391,13264,4393,-1108,13597,3192,-3226,11570,4271,-1108,12316,2966,217,13764,2344,-288,11916,4524,2320,13590,5605,2260,14699,4559,-1747,12130,5538,-871,16125,3768,2641,12153,3144,823,16145,1659,1451,14484,4769,1577,15300,7285,428,16829,5978,-2815,14444,3347,-3129,13710,2898,22,14065,2676,347,14623,1885,-1143,12004,3264,-416,12462,4641,-917,14051,4057,-2664,11643,2692,-2425,12518,2122,1699,12024,3338,1940,13374,4119,22,14093,6281,1148,13800,5592,491,13081,4682,-1475,16466,2161,1288,11568,3853,3106,17185,3251,1188,13687,4942,353,15929,6297,-1318,14729,6099,-860,15855,2831,-1923,12850,1002,-3628,14006,2953,2649,13377,3220,29,13196,3715,-2893,13109,3722,101,12252,4391,-2353,12391,2492,-1998,13245,2029,1584,11326,4303,1583,13840,5374,1532,14295,4358,264
14750,6942,-25,17054,5765,-3105,14072,4541,-2510,14037,2427,-592,13886,2077,43,14396,1288,-1414,11775,3535,919,12575,4539,-1129,14233,3970,-3807,11368,3131,-1627,12242,2147,1604,12890,2856,854,12504,4630,1328,14577,7075,1438,14163,4808,316,12648,4974,-2205,15770,2478,762,12747,3628,4512,15989,2722,249,14465,4266,540,15087,7382,-314,15967,6308,-2217,15492,2383,-2116,12590,1203,-2199,14121,2601,2325,13998,3336,82,12699,3364,-3432,13087,4851,610,12610,4161,-2434,12325,2293,-3109,12848,2169,2303,11503,3938,2326,13476,4706,439,14198,4808,1184,13499,7096,-878,14268,4410,-249,15626,2187,1417,12635,2617,600,16427,4644,4152,14464,5987,-384,16434,5313,-3383,14293,5895,-511,14743,2694,-1496,13735,1192,-2650,13637,1617,1709,12063,3697,518,13871,4563,-1164,12968,3546,-3395,11917,3867,-1341,11517,2250,116,14033,1775,189,11640,4790,2560,14016,6014,2179,14923,4974,-1714,12130,6219,-788,15890,3782,1859,12516,2755,1063,15659,1621,1923,14928,4886,1480,14857,7298,153,17351,6207,-3565,14070,3377,-2515,13852,2229,-70,13797,2333,658
12521,4975,357,13086,4169,-973,12948,3685,-4473,11770,2637,818,12768,2740,2109,11782,4101,-196,14974,4981,1847,13305,5976,416,12469,5424,-460,16239,2801,435,12943,2767,395,14292,3033,3689,16188,4639,525,14890,5921,-1082,16356,7244,-313,14502,4319,-2095,14621,1511,-3235,13600,2274,-401,13571,2856,1909,12974,3184,-1063,12472,3749,-2834,13590,4702,-231,11174,3692,-2287,13330,1474,-933,12406,2796,2773,11633,4955,2040,15135,4967,-155,13933,5678,-419,13284,5911,65,15480,2996,2023,13330,2268,356,16247,2929,2115,13084,5965,2349,17284,5625,-3107,14878,5774,-2629,14516,3448,389,13593,1708,-1589,13922,1423,-975,13410,3089,-267,12235,5020,-7,13927,4254,-1777,12826,3411,-3492,11189,3543,848,13234,1394,1389,11805,3063,-438,13809,5851,2580,13709,5159,774,13120,6034,-2640,15488,4040,1628,14548,3838,2463,12993,2299,1243,17417,3313,969,13654,7059,-404,17019,6742,-469,14824,4557,-2912,13997,1429,-2887,13616,2461,1509,13722,2570,189,13237,2797,-2275,11872,4398,-495,13503,4235,-1494,11885,3441,-2451,12723,1661,-29,12401,3157,2075
13385,2106,-675,15811,3900,3344,14338,6556,416,17089,5262,-3745,14346,5372,-658,14178,2969,-642,13980,1167,-1476,13433,1881,-305,12847,3762,-561,12577,4645,-7,13871,3383,-3366,11826,3653,-1548,11910,3073,712,13243,1696,214,11981,4532,959,14482,6200,2545,14240,5111,101,12365,5235,-818,15884,2783,457,12495,3329,2012,15719,2250,1762,15229,4586,316,14911,7314,308,16529,6380,-2390,14632,3266,-2600,13875,1247,-1001,13158,3228,1127,15019,2860,-38,12253,3489,-2436,12482,4347,-893,13393,4163,-1146,11827,2602,-3067,12771,1711,1748,11871,4026,2686,13184,4410,-595,14177,5365,952,13916,6913,561,13932,4767,-1005,15914,2177,1873,12446,2801,1233,16047,3986,2585,14661,6062,-297,16093,5393,-2896,14618,6070,145,14620,2485,-1323,13985,1111,-3002,13047,2109,1404,12973,3609,14,13244,4654,-1922,13605,3580,-2156,11651,4374,-1458,12435,2436,-45,13208,1757,543,11609,4794,1339,14023,5713,2602,14713,4621,-1557,11859,5809,-591,16260,4010,2907,12714,2787,70,15638,1848,1637,14853,4995,1694,14792,6813,-424,17296,5982,-2429,14192,3673,-2586
22,7235,1896,17205,5336,-2857,14651,4753,-2157,14482,2631,-470,13229,1860,-260,14146,1955,-891,13190,3009,-1536,12291,5440,501,13913,3559,-2208,11945,3031,-3372,11890,2353,1534,12640,2361,1472,12262,4369,-822,14533,5622,2224,13448,5665,396,12778,5007,-1176,15945,3304,1188,13464,3063,1519,13890,2931,3009,17029,4383,-130,14030,6807,-609,16807,6704,-132,14665,3628,-2969,13968,988,-2586,13699,2990,716,14077,3121,808,13031,3182,-2026,12102,3818,-1725,13242,4158,-182,11310,2838,-2691,13147,1304,-58,12164,4038,2778,12386,5227,809,15022,5475,-382,13803,5567,847,13229,5010,98,15654,2322,1317,13334,2328,725,15742,4241,2298,14019,5997,1356,16758,5523,-3173,14655,5641,-1360,14386,2827,281,14063,1350,-2836,13120,1743,-657,13655,3580,871,12228,4667,-1020,14325,3321,-1828,11864,3372,-2695,11646,3228,443,13874,1893,567,11672,4133,213,14052,5987,3121,13555,4372,270,13119,5873,-2800,15816,3336,2918,12959,3919,1640,15123,2179,510,15786,4314,1807,14197,7564,-122,17081,5830,-853,14434,3897,-3433,13960,1264,-1192,13315,2768,1351
8,1415,1644,11650,4406,2669,13220,4622,-673,14390,5267,924,13487,6950,58,14358,4313,-159,15228,2265,1802,13100,2496,344,15839,4432,3253,14580,6161,-196,16564,4978,-3181,14147,5451,85,14775,2507,-1182,13914,1411,-2655,13272,2371,831,12975,3687,280,12990,4550,-1360,13762,3040,-2704,11675,3954,-1189,11935,2813,125,13712,2080,-93,11653,4838,1579,14065,5880,2873,14499,4641,-1343,12281,5290,-671,15859,3477,2516,12261,2930,464,16059,1871,1739,14500,4932,1413,15092,7191,88,17316,6208,-2406,14163,3288,-3179,14086,1967,244,13578,3284,449,15301,2539,-1654,11794,3793,-573,12147,4528,-1256,14318,3430,-2042,10915,2510,-2187,13151,2157,1896,11780,3806,1748,13327,4531,-514,14155,6140,1158,13717,5526,962,13327,4231,-1703,16015,1996,2160,12296,3555,2272,16520,3755,1188,14494,5571,-267,15751,6346,-1562,15101,5702,-176,14849,2155,-2122,13502,1236,-2948,13402,2830,1822,13558,3521,-243,13274,4197,-2509,13468,3886,-55,11588,3890,-2319,12565,2168,-882,13043,1764,1136,11484,4843,1240,14167,5485,1950,13943,4823,-1008,12924,6098,-538
11589,4919,1258,14878,4865,654,13573,5521,-675,12788,5995,770,15544,2927,1309,13447,2564,-867,15035,3187,3710,14609,5766,1815,16361,5849,-2344,15849,5618,-1204,14106,4293,-702,14541,1394,-1641,13796,2113,-1620,14300,3139,478,11700,4306,470,13576,3650,-3526,13151,3278,-1517,10927,3371,-317,12772,2155,11,13440,3223,916,12222,5620,2037,14182,5952,464,14661,4463,-1220,13121,4665,37,14831,2922,2787,13109,3341,1174,17044,2924,83,12918,6226,2362,16077,6264,-1188,15778,4487,-2985,14294,2274,-1124,12939,2321,-96,14459,2879,-582,14116,3046,-1716,12013,4528,-530,13241,4131,63,13243,2883,-4380,11552,2495,184,12834,3429,2500,12408,3947,-682,13931,5371,824,13469,5267,2343,12876,5640,-1562,15750,2606,29,13657,2969,2855,13696,3500,1408,16716,4833,867,14803,6608,-1295,15974,6200,-493,14219,4001,-331,14666,1154,-3465,13298,2159,-54,13764,3270,1283,13062,3678,-2318,13055,3899,-1693,12889,3832,-1103,11308,2902,-1045,13158,2173,-422,12770,3184,925,11913,5688,2086,14909,5069,-347,14019,5352,-282,12879,5217,2211,14746,2092,134
13332,2914,7,16050,3181,2402,13301,6321,1652,16899,5991,-1950,15562,5172,-2742,14457,2998,806,13559,1504,-600,14540,2477,-2422,14416,3817,221,11634,4791,-303,13744,3870,-2850,13381,3018,-1421,10987,3003,47,12910,2483,615,13281,3479,334,12450,5569,759,14264,6047,1899,13934,4775,-1352,13908,4028,-546,15185,2984,4495,12228,3023,478,17629,3356,105,13048,6594,827,16152,6426,-1186,15482,3858,-1621,14071,1780,-1977,13379,2457,161,14070,3191,526,13596,3127,-3042,13024,4948,-511,12802,4098,-412,12844,2689,-3131,11979,2163,551,13069,2924,2318,11764,4720,-458,14912,5403,476,13236,5386,352,12707,5724,455,15676,2047,1359,13197,2575,381,14489,3358,2790,15767,5467,1152,15681,6356,-2049,16075,5929,-152,13963,4028,-354,14722,1057,-2932,13617,2546,-961,14054,3673,668,12733,4087,-514,13112,3714,-2987,13407,3469,-941,10879,3119,-382,13285,1667,-343,12872,3118,644,11870,5983,2329,14893,5595,-241,14182,4853,-479,12922,4696,1162,14581,2101,1543,13316,2946,1014,16584,2886,824,12537,6462,1993,16925,6301,-1957,15760,5413,-3037
14387,2764,366,13051,1600,-179,14728,2947,-1561,14493,3640,-706,11685,4800,-919,13477,3830,-1019,13504,2638,-3406,10812,2762,329,13061,2466,2055,12413,3637,-414,13206,5473,413,13938,5568,2487,13324,5553,-1547,15070,3344,-712,14469,2941,4239,12541,3249,668,17755,3858,544,13503,6986,-358,16405,6459,-930,14732,4085,-898,14546,1376,-2582,13409,1997,94,13462,3155,1416,13859,3295,-3294,12776,4730,-686,13063,3950,-992,11803,2680,-2158,12597,2036,68,12976,2796,1773,11446,5269,789,15205,5229,-259,13540,5779,-397,12654,5332,1678,15286,2277,1380,13254,2256,-585,15018,3469,3450,14650,6019,1050,16396,6089,-2427,15849,5906,-783,14103,3812,-107,14752,1456,-1938,13639,2228,-1686,14392,3684,328,12062,4638,121,13563,3817,-3572,13427,2978,-925,10569,3228,-215,13194,1501,-206,12884,3491,608,12373,5746,1995,14499,5828,518,13940,4608,-1192,13462,4257,615,14660,2553,2596,12928,2975,944,17158,2725,78,12638,6726,2234,16531,6656,-1810,15833,5141,-2615,14310,2306,-550,12848,1801,-63,14612,3145,-590,14267,3033,-1931,11913,4936,-917
13257,4159,-483,13488,2882,-3892,11130,2113,508,13059,2530,2967,11986,3895,-972,14167,5463,154,13288,5420,2542,13157,5652,-1268,15146,3072,-680,14671,2209,3841,12547,3838,805,17504,4494,775,14163,6793,-1228,16437,6641,-675,14537,4282,-251,14503,827,-2961,13271,1781,294,13359,3661,1094,13918,3872,-2970,12708,4350,-1513,13337,3376,-855,11224,2897,-1339,13244,1886,-117,12580,2839,1024,11586,5560,1810,15213,5165,-503,13704,5680,-706,12701,5154,2076,15255,2184,1293,13024,2542,-843,15752,3003,3224,13949,6359,1056,16703,6129,-2344,16085,5788,-1648,14007,3644,205,14308,1393,-903,13806,2371,-1923,14732,3428,82,11669,4811,-254,13602,4033,-3534,13709,2923,-1472,10409,2884,594,13138,1551,433,12846,3301,445,12446,5680,869,14338,6499,1175,14001,4604,-1202,13462,3646,329,15064,2461,3732,12233,3362,753,17810,3261,-622,12525,6582,1569,16240,6764,-1344,15727,4679,-1906,14399,1685,-763,12906,1714,-421,14427,3397,310,14573,3430,-2876,12019,5159,-887,13490,4162,181,12915,2630,-3579,11273,1753,-38,13182,2449,3204,11657,4334,-1099
14727,2106,-2287,14052,1407,-1709,13050,2836,492,13230,4282,-625,13521,4908,-1783,13136,2581,-2272,11112,3370,-433,12633,2265,166,13220,1936,-750,11563,4891,2281,14248,5195,2094,14166,4882,-2668,12699,5657,14,15977,3086,4144,12337,3914,-448,16006,1548,545,14284,5676,2568,15570,6930,-926,17088,5623,-1898,13975,3783,-1737,13933,1984,341,13669,3108,-723,15038,2711,-1984,11940,4005,-74,12519,4445,-989,14502,2773,-2928,10575,2431,-1040,12661,2291,1900,12953,3117,164,12581,4812,-132,14320,6373,1740,14125,5425,947,12570,4522,-1069,15823,1459,1098,11728,4174,2813,16716,2973,445,13977,5060,51,15563,7183,-15,15841,6007,-1223,15231,2905,-2087,13257,795,-1621,13610,3707,1380,14898,3305,-596,12304,3591,-3085,12923,3696,349,12829,3665,-1615,11866,2116,-2496,13252,2211,1706,11757,4536,1916,13581,4990,-620,14076,5639,378,13708,5664,999,13256,4348,427,15774,2410,903,12830,2692,1143,15949,4777,2735,14498,5505,-627,16076,5262,-2600,14455,5350,233,14904,2571,-641,13639,1462,-2726,13816,2312,100,13146,3950,67,13092,4696,-1273
13888,2787,-2359,11263,3987,-1302,12413,2925,602,13701,2211,-519,11669,4145,1110,14044,5871,2477,13879,4504,-583,13545,5581,-1662,15007,3861,2604,13424,3295,2207,14766,1822,-776,15530,4763,2276,14693,7405,359,16789,5469,-2244,14367,4098,-2123,13881,2419,-489,13510,2410,611,14440,1905,-1933,12661,3491,-1187,12422,5167,252,14285,3546,-2853,11354,2796,-1959,12749,2531,1652,12552,3204,748,12731,4109,-34,14124,5677,996,13936,5832,1149,12452,4658,-946,16044,2475,1141,12448,3487,1890,15020,2999,2173,15257,4441,-372,15128,6918,-444,16128,6704,107,14944,3580,-2782,13806,927,-2161,13804,3280,603,14265,3077,487,13045,3337,-2394,12668,3967,-1056,13277,4308,-551,11555,2700,-2364,13127,1932,-150,12199,3827,2919,12784,4928,579,14122,5404,-651,14211,5104,914,12648,5472,1096,15469,2736,-790,13278,2289,1655,15582,3804,2799,13744,5268,555,16635,5605,-2659,14706,5906,-876,15173,3644,210,13639,1390,-2841,14370,2364,-596,13641,3819,973,12241,4208,-1725,14024,3604,-1527,12339,3983,-2096,11837,3496,-29,13432,1747,149,12035,3428,236
13109,5993,2897,14181,4993,459,13580,5399,-2230,14527,4309,1490,14249,3473,3029,13669,2223,-748,16482,3041,1752,13382,7206,1618,16674,5709,-2016,14827,4855,-2683,14365,2767,-815,13288,2663,139,14299,2158,-959,13343,2788,-1644,12457,4938,926,13617,3631,-2251,12393,3168,-3552,12234,2726,1171,12549,2791,1287,12509,3664,3,13938,5063,1856,13545,5556,1472,12870,5449,-2115,15723,3001,356,13628,3312,2721,13409,2795,1585,16674,4437,512,15158,6745,-890,15684,6619,262,14914,4440,-1998,14176,1186,-3168,13600,2466,665,13585,2721,1085,13662,3192,-2505,12581,4065,-1360,13572,4524,-656,11183,3057,-2085,13360,1586,-612,12175,3303,2169,11989,4851,1508,14613,4886,-447,13873,5563,226,12604,5266,1541,15557,2810,22,13129,2441,-393,15598,3151,3522,13488,5139,1402,17037,5653,-2227,15325,6286,-1584,14880,4343,-234,13837,1627,-1813,14263,2225,-1970,14018,3282,1303,11798,4153,-314,13822,3762,-2743,13586,3873,-1680,10717,3071,-667,13300,2042,-74,12596,2904,662,12772,5378,2411,13823,5645,988,14310,4550,-1746,13437,4972,414,14841,3474,2459
98,3604,-2474,13895,2207,171,13909,3127,-79,14795,2096,-832,11778,3408,-622,12391,4534,-385,14651,3939,-3334,11048,2918,-2024,13295,2823,2156,12172,3567,1001,13625,4458,354,13835,6171,1702,13717,5243,254,13289,4735,-1509,15573,2093,1184,12373,3564,3473,16135,3088,603,14463,4409,-57,14772,6365,-565,15623,6034,-778,15032,3397,-2442,13563,1217,-2495,13468,3059,2213,14158,3002,-729,12744,3577,-2234,13431,4158,-453,11936,4686,-2125,13231,3174,-2051,12858,1942,1252,11729,3852,2559,13320,4662,570,14252,5012,84,13508,5613,-12,13769,4864,349,15378,2687,863,13282,2077,659,15357,4509,3614,15087,6103,-420,15872,5001,-2679,14859,5620,-1000,14173,3121,-496,14550,1816,-2442,13072,1452,-99,13217,3770,867,12893,4717,-1247,14306,3371,-2848,10972,4036,-1385,12564,3177,138,13469,2045,-214,11929,3400,1549,13251,5458,3276,14376,4774,-1351,13141,6008,-2261,15458,4455,2760,12949,3531,1677,14882,1438,329,15329,3980,1723,14995,7482,709,16742,5610,-1925,14688,4653,-3080,14000,2353,-721,13601,2701,915,14490,1809,-1244,12777,2839,-1174
12208,5110,205,14377,3984,-3025,11141,2819,-2631,12821,2279,1738,12127,2943,1182,13016,3856,475,13894,5484,918,14031,6292,616,12626,4763,-861,16006,2991,81,12893,3377,2154,14706,2738,3021,15425,4077,-42,14930,6396,-1048,16122,6803,-244,14857,3954,-2585,14239,1228,-2864,13354,2698,1057,14150,2801,1575,12728,3084,-2556,13073,4069,-1288,12760,4880,-1020,12138,2662,-2721,13062,1735,-375,12192,3459,3040,12342,4820,1754,14804,5428,-631,13981,5530,30,12924,5732,627,15171,2314,-160,13978,2226,1473,15291,3701,2838,13735,5197,1912,16293,5499,-3098,15037,5920,-1920,14573,4063,346,14112,1394,-2555,13692,1492,-468,13738,3264,1158,11729,4280,-733,14604,3830,-2563,12158,3841,-2558,11970,3639,-47,13165,1708,459,12365,2967,1204,12759,5812,2130,14538,5490,983,13914,5083,-2604,14122,5338,473,15124,3536,3996,13056,2062,85,16501,2552,1600,13662,6777,1153,15888,6098,-1626,15775,4961,-3583,13635,2854,-828,13783,2405,478,13641,1725,-151,13728,2546,-1891,12299,5155,426,13559,4093,-1821,12398,3292,-3969,12400,2674,648,12426,2419,2278
16331,7358,-949,14779,3806,-2466,14030,934,-1942,13407,2962,1726,14432,2768,840,12311,3165,-2907,13259,4322,-1344,12901,5202,-1224,12496,2698,-2617,12768,1486,612,12345,3260,3500,12277,4515,539,15223,5618,-480,13548,5717,-340,13020,5635,945,15580,2141,465,13036,2275,1668,15554,3831,2731,13834,5631,368,16224,5990,-2802,14947,6195,-1591,14778,3708,426,14006,847,-2295,13569,1475,72,13691,3325,619,12422,4348,-1274,13989,4104,-2724,12510,4068,-2048,11607,3563,25,13713,1850,801,11544,2850,900,13195,5815,2348,14425,5373,330,13657,5270,-2388,14055,5405,909,15243,3004,3494,12691,2272,33,16696,2527,1863,13652,7086,824,16212,5763,-2389,15584,4964,-2867,13767,2744,-247,13480,1914,642,14237,1638,-443,13080,3144,-2203,12879,5563,-93,13225,4373,-2109,12800,3547,-3663,11855,2793,1689,12777,2086,1815,11952,3274,-240,14265,4872,1536,13583,5874,206,12947,5785,-1575,15857,3343,160,13969,2849,3631,12287,2401,1547,17653,4121,297,14528,7169,-727,16095,6957,-826,14746,4702,-1452,14316,1235,-3157,13491,2127,1035,13686,2917,1466
13174,1774,2095,10999,4093,1232,14709,4950,531,13850,5387,-574,13350,6618,146,14563,3687,938,14614,1744,1568,12982,2077,965,15914,5067,2571,15646,6674,-1080,15675,5581,-2943,14709,5934,151,14169,2260,-1239,13937,1165,-1611,13340,1939,895,13001,3871,-199,13307,4672,-1965,13941,3563,-2759,11163,3791,-1033,12353,2200,638,13672,2027,-120,11630,4568,2363,13947,5471,1517,14393,4706,-2064,12256,6031,-913,16232,3539,3690,12367,2896,713,15179,1374,959,15048,5019,2147,14911,7848,-797,17282,6234,-2291,14117,4142,-2428,13866,1892,351,13713,2054,559,14698,1978,-1825,12078,3478,-963,12733,5305,-513,14533,3937,-3679,11123,2576,-1232,12476,2216,2098,12515,2709,1165,12726,4438,273,14191,6036,516,14129,5833,831,12372,5036,-1123,16398,2038,561,12102,3855,3115,15492,2441,1669,14964,4446,-172,14560,7241,-759,16497,6687,-1062,14936,3298,-2334,13497,584,-1976,13570,3067,1742,14486,3083,321,12526,3437,-2933,12998,4265,-891,13085,4720,-1251,12069,2461,-2386,13072,1302,1206,11972,3749,2875,12802,5012,-127,15154,6106,-441,13660,6110,112
13010,5465,982,16191,1948,760,12501,2249,1981,15693,3343,2631,13999,5342,-112,15935,5962,-3035,15249,6162,-1126,14401,3489,637,14128,1042,-2562,13586,2107,203,13572,3824,271,12549,4454,-1673,13864,3465,-2585,12425,3892,-1771,11521,3216,268,14124,1691,739,11465,3438,771,13265,6192,2243,14792,4939,-154,13032,5908,-2320,15023,4509,1590,14118,2565,3662,13115,1818,-514,16859,3331,1779,13649,7949,736,16338,5993,-2694,15120,4930,-2564,13710,2532,-219,13409,1940,605,14117,1465,-661,13078,3011,-1835,12644,5354,13,13816,4088,-2491,12477,3233,-3354,12065,2772,1884,12897,2335,1515,12024,3793,-126,14216,5263,1694,13534,5934,149,13004,5458,-1366,15621,3254,929,13832,3165,2822,12886,2608,1535,16958,4057,223,14507,7067,-812,16076,6879,-558,15110,4258,-1781,13697,887,-2626,13747,2374,1523,13785,3070,651,13589,3393,-3417,12820,4580,-1241,13373,4687,-1184,11556,2834,-1980,12921,1738,175,12692,2966,2135,11526,4550,1555,14988,4846,-1383,13840,6190,112,12290,5905,1205,16007,2590,614,12908,2109,546,14822,2752,3427,14517,4879,1063
13382,2437,625,12611,4112,-675,13613,4615,-2182,13736,3507,-2397,10736,3565,-591,12750,1999,685,13486,2202,18,11937,4922,2296,13910,5768,528,14831,4955,-1685,11934,5392,-23,16309,3136,3550,11939,2756,373,15962,1764,1096,14328,5395,1806,15166,7601,-902,17212,6108,-2540,14160,3647,-2206,13802,2139,802,13833,2310,-135,14601,2047,-1631,11852,3625,-558,12760,4973,-862,14435,3760,-3346,11058,2438,-972,12723,2550,1938,12679,3128,1005,13009,4852,68,14292,6632,1068,13861,5457,647,13010,4835,-952,15811,1972,1122,12041,3444,3493,16137,2595,720,14087,4719,-220,15082,6959,-1076,16162,6525,-1184,14861,3041,-2130,13381,746,-1139,13499,3133,1863,14605,3104,-970,12326,3493,-3277,13179,4510,-172,12837,4285,-1809,12425,2905,-2029,13148,1489,2166,11630,4288,2018,13237,4844,-568,15032,5782,-65,12949,5793,-101,13821,4330,1075,15592,2146,1740,12555,2049,858,15959,4232,2695,14366,6028,-826,15917,5593,-2666,14936,6036,-669,14369,2784,174,14133,1468,-2541,13291,1833,197,13411,3912,129,12948,4815,-1632,14027,3452,-2584,11762,3885,-1512
12149,3078,620,13614,1808,36,11586,3871,1027,13567,5935,2881,14387,4518,-494,12809,5759,-2096,15475,4091,2351,13258,2733,2967,14231,1803,-842,16076,4418,1912,14590,7985,415,16687,5749,-2632,14886,4578,-1956,13567,1983,-392,13613,1837,952,14412,1961,-1380,13091,3464,-1845,12451,5358,107,14157,3830,-2884,11622,2889,-2498,12213,2463,2277,12732,2515,976,12285,4134,-21,14361,5397,826,13636,6036,98,12489,4678,-636,16155,2417,1381,12520,3387,1795,14487,2952,2417,16135,4698,-351,14912,7336,-928,16377,6996,-137,14636,3373,-2418,14134,934,-2130,13398,2910,938,14498,2950,637,12846,3411,-2766,12940,4174,-1206,13243,4498,-1152,11596,2434,-1746,12979,1468,115,12450,3438,2617,11967,5011,953,15071,5464,-1128,13712,5841,777,12819,5683,1104,15653,1933,-296,13149,2508,1666,15457,3188,2764,13969,5318,841,16154,6103,-3262,15634,6458,-1186,14379,3773,256,14238,808,-1705,13581,1995,-806,14091,3909,847,11833,4203,-1893,13825,3766,-2419,13008,3713,-1914,11258,3373,183,13524,1395,820,12322,3094,957,12635,5935,1272,14897,5856,301
13677,3017,-69,14969,2073,-1641,11964,3384,-489,12488,4836,-462,14431,3704,-2908,11304,2367,-1563,12595,2409,1985,12549,3216,502,12906,4729,229,14150,6101,907,13883,5573,1282,13106,4641,-735,15475,2071,35,12704,3761,3478,15675,2800,1190,14733,4491,-109,14820,6485,-1011,16165,6489,-832,14942,3159,-1986,13418,1151,-1852,13710,3510,1605,14408,3290,-161,12459,3203,-3347,13010,3924,-274,12827,4115,-1640,12444,2746,-1815,12849,1554,1096,12171,4134,2602,12693,4978,-380,15253,5604,-319,12981,5896,238,13877,4487,1010,15489,2301,1663,13029,2205,585,16034,4515,2831,14232,5990,-168,15983,5400,-2973,14859,5659,-729,14302,3191,260,14313,1515,-2393,13110,1536,-289,13535,3463,164,12631,4647,-927,14106,3259,-2819,12019,3629,-1357,11809,3398,575,13998,2092,19,11673,3597,774,13530,5825,2655,13982,4707,42,13499,5619,-2329,15313,4438,1905,13314,3471,3153,14385,1955,-783,15965,4097,1868,14543,7420,449,16335,5452,-2001,15140,4299,-2496,13650,2321,-509,13333,2285,1237,14464,1728,-1334,12859,3115,-2006,12600,4925,186,13793,3961,-2443
12035,2927,-2716,12195,2696,1723,12755,2940,1523,12369,4027,-181,14351,5159,942,13678,6149,86,12621,4992,-287,16017,2655,1178,12719,3392,1446,14459,2899,2951,15915,4411,-382,14913,6557,-854,16050,6550,-25,14917,3978,-2421,14255,1267,-2545,13572,3023,314,14123,2979,1127,12847,3260,-2471,12849,4006,-1383,13131,4554,-750,11702,2555,-2178,13029,1999,-80,12607,3602,2229,12192,4903,1480,14682,5110,-843,13936,5445,519,13025,5679,1323,14944,2538,-456,13835,2489,1395,15103,3335,2497,14009,5088,1483,16202,5701,-2930,15447,6152,-1722,14639,4185,287,14081,1336,-1885,13858,1956,-1040,14009,3350,763,11697,3946,-1047,14034,3778,-2113,12834,4061,-2454,11618,3834,320,13330,1941,323,12404,3000,833,12918,5341,1835,14034,5681,892,14145,4729,-2103,13800,4758,580,14905,3453,3892,13093,2472,-176,16747,3028,995,13343,6502,1167,15776,6144,-1421,15775,4867,-2941,14130,2646,-977,13335,2651,464,14320,1680,-359,13501,2544,-2474,12481,4967,686,13297,4322,-1636,12860,3479,-3559,12211,2732,692,12565,2843,1980,12085,3265,-264,14328,4825,1199
12930,5092,-816,11852,3185,-2028,13240,2086,38,12349,3367,2059,12266,5148,1649,14950,5180,-603,13659,5216,-206,13565,5298,1283,14785,2907,1124,14089,2432,562,15474,3688,2061,13619,5371,1703,16314,5180,-2910,14702,5142,-1725,14768,4065,140,13773,1834,-1652,13967,1683,-979,13662,3226,-440,12004,4568,149,14211,3838,-2315,12431,3864,-2705,11922,3976,724,13139,2053,357,12340,2784,322,13046,5283,2270,13711,4847,1351,13890,5634,-2424,14961,4437,410,14107,3499,3937,13361,2411,-583,16818,3315,1368,13841,6890,659,16084,6055,-878,15463,4690,-2865,13819,2301,-2369,13553,2727,1353,13798,1890,-306,13406,2457,-2221,12655,4677,502,13307,4393,-1474,12709,3232,-3179,12217,2580,6,12678,3046,1966,12003,3758,334,14312,4707,850,13979,6008,334,12417,5999,-183,15982,3215,728,13149,3049,330,14112,3043,3727,15782,4135,790,15343,6016,-1575,16000,6595,6,14589,4830,-1846,14562,1580,-2866,13428,2167,-902,13959,2803,1850,12906,3076,-955,13073,3847,-2582,13482,4623,-638,10998,3404,-1752,13459,2052,-721,12601,2960,1532,12031,5085,2366
15798,2885,-2051,13579,2564,2754,14481,2955,2867,15483,4582,227,15304,5509,-1114,16157,6775,-462,14570,4678,-1640,14715,1708,-3920,13478,2495,350,13693,3810,1630,13473,3570,-1583,12465,3657,-1883,12907,4436,-348,11360,3191,-2587,12899,1593,-719,12127,2579,3187,12286,4875,2340,14175,4621,39,13681,6411,-1164,15245,5154,1233,13845,3879,1292,15040,1491,-918,14974,3312,3705,14420,6624,1022,17845,6011,-3285,14295,5325,-1312,14507,3098,-848,13754,2458,-1220,14348,1926,-744,12283,2915,-94,12286,4814,391,14216,3772,-3432,11475,3547,-2394,12265,2573,1577,12424,1750,68,12074,3934,197,14485,5741,3290,14048,5628,1359,12665,5381,-2474,15751,2504,443,12781,3740,2751,15956,2688,778,14836,4229,824,15200,6616,-88,16391,6605,-1223,14782,3949,-2678,14042,1324,-2635,13202,3043,1329,14345,3287,-63,13161,3383,-2154,12183,4268,-385,12979,3918,-950,11783,2371,-3635,12476,1441,1172,12004,3527,3143,12666,4564,48,14014,4571,885,13774,7060,631,15034,4870,-310,14557,3345,424,14416,1911,853,14672,4612,3540,15640,6354,-332,16805,5516,-2801
15753,4363,2910,12837,3638,266,16995,1638,590,12912,4520,2788,16519,6551,-418,16336,5921,-2734,13947,3161,-2884,14369,2575,-950,12998,2430,287,14457,2338,-1428,12366,4240,145,12755,5012,131,13326,3660,-3794,11095,2778,-1938,13205,1785,2803,11076,2879,646,13786,4182,47,14293,5273,2701,12766,7248,377,15764,4652,-1995,14121,2533,614,14224,2563,3359,15182,3802,1820,15354,5362,-1005,16441,6305,-631,14429,5626,-821,15320,2978,-4152,14072,1576,-2248,13064,2989,2138,12939,3235,417,12657,3905,-2162,12873,4032,-1180,11557,3992,-710,12558,1965,-2517,12401,1393,533,12018,4703,4845,14325,5521,809,14364,5541,-1704,13645,5753,354,15286,4587,1876,13764,2530,-597,15717,1397,2368,13021,5508,2819,17647,6086,-1990,15393,5564,-2870,13761,3307,-1292,14173,2920,-947,13937,1880,-1387,13113,2340,-131,12215,4788,972,13864,4292,-1520,12250,3785,-4086,11846,2807,335,12559,1800,1913,11601,3307,-982,14198,4514,2660,14063,6083,2755,12626,6379,-1852,15922,3813,-1687,13817,3118,2692,13961,2578,2285,16144,3239,745,14364,5178,62,16491,6927,-687
1,5312,-2224,14719,2124,-4183,13787,2338,-5,13469,3241,1945,13598,3180,-1027,11970,3927,-1938,13055,4643,-79,11745,3493,-2610,12501,1658,-1910,12695,2347,3510,11651,4729,2625,14394,4916,-522,14096,6206,189,14303,5696,1007,14558,3645,-262,14382,1491,-50,14929,2802,3622,14032,6140,1231,17797,5808,-2742,14564,5346,-1675,14098,3775,-794,14698,2733,-2229,13441,1357,-999,12539,2977,1125,12727,4674,189,14199,4167,-2801,11572,3780,-2817,12094,2828,693,12797,1607,182,11431,3816,122,14738,5330,4417,13898,5431,1145,12469,5831,-2964,15994,2886,670,12591,3928,2380,15873,1941,669,14777,3672,1727,14810,6650,332,16869,6622,-1802,14633,4637,-2983,14341,1428,-2346,13449,2988,1180,14436,3070,211,13216,3125,-1555,11876,4892,-326,13372,3911,-1456,11723,2941,-3759,12293,1359,840,12332,3277,4025,12276,4445,-315,13948,4288,832,13991,6907,1292,14046,5292,-751,15247,3097,-682,14057,1717,2104,14647,4133,3342,15727,5954,-646,16865,5755,-2258,14741,5847,-97,14238,3034,-2231,14722,1571,-2907,12998,1911,612,12382,3654,712,13353,4506,-994
6,3564,477,14052,3675,-770,12525,3632,-1765,11797,3984,-876,12508,2864,-1074,12255,1808,-1443,12280,3627,3407,13508,5316,3398,14336,4531,-2049,12850,5220,-94,15463,4660,1759,13208,3830,246,16424,1908,54,13798,4825,3808,16039,5943,-315,16560,5641,-3795,14212,3811,-1110,14196,2586,-1121,13606,3395,-1009,15029,2853,-696,11798,4120,144,12445,4180,-550,13725,2939,-3043,10640,2606,-1797,12691,2219,2449,11872,3746,581,13330,4067,-522,13697,4634,3723,13115,6218,-66,15099,4410,-1930,14778,3155,1092,14097,3836,3529,15797,3755,388,15140,4919,-706,16519,6145,549,14774,5225,-1667,14886,2797,-4072,14238,2098,-1514,12903,3636,1333,13320,3331,63,12670,2916,-1814,12268,3485,-855,11906,3629,-826,12834,2690,-2496,12258,2247,767,12428,4756,4451,13702,5323,3,14329,4882,-776,13762,5061,996,14629,4478,1694,14625,2419,-1486,15217,2430,3203,13816,6132,2620,17708,5785,-2737,14935,5160,-2069,14103,3459,-970,14104,3048,-1388,14048,2381,-1457,13030,2556,-28,12180,4426,718,13974,3817,-1964,12029,3509,-3644,12122,3022,726,12458,2761,1459
12533,3474,112,13989,5445,2258,14503,6319,2316,13268,5877,-2964,16369,3357,470,13309,3050,2024,15255,3135,2725,15330,4352,-33,15809,5853,-974,15368,6221,148,14386,3678,-3446,14898,1495,-3487,12503,2444,1252,12801,3004,719,13876,3718,-1347,12661,4160,-659,12224,4433,-1382,12091,2588,-2288,12672,1156,-606,11823,3809,2773,13734,5092,2951,14773,5079,-927,12646,6478,480,15533,4750,273,13742,3261,312,15412,1420,604,14289,4163,3475,15403,6216,265,17133,6144,-3850,14269,4807,-901,14278,2801,-964,13862,2267,-1894,14539,1827,-208,11730,3518,913,12312,4137,-1087,13981,3880,-3192,10913,3528,-1588,13000,2299,1142,11962,3129,432,12933,3757,633,13922,5265,4480,13750,6409,-572,14140,4888,-2835,15422,2951,1772,13289,3463,2588,15885,2860,653,14532,4447,132,16538,6696,319,15112,5724,-1520,14550,2938,-4332,14242,1501,-838,12395,2662,1446,13651,3264,-832,12954,4099,-1205,12873,4499,-360,12071,4299,-2170,12825,2529,-2253,12302,1319,1336,11856,4451,3837,14165,5273,-215,14040,4944,-240,13157,5832,1461,15167,4152,656,13461,2011,-1252
8,1186,2636,14056,5315,3464,16884,6376,-2957,15581,5885,-2119,14336,4612,22,14520,2838,-2770,14323,2758,-1414,13870,2558,824,12068,4518,337,14033,4571,-2064,12742,4158,-3013,11436,2964,-30,12539,1724,914,11694,2888,-457,13485,3972,2668,13246,5027,3105,13017,6178,-2698,14839,3530,-905,14338,3317,3288,14013,3092,1551,15821,2796,10,14224,5896,1386,17155,7080,-245,15635,5856,-3625,14615,2468,-2514,13907,2211,551,13620,3301,-149,14142,3618,-1159,12017,4691,-494,13017,4317,-861,12120,3702,-3014,12396,1409,-745,11873,1898,3132,11665,3721,1866,13750,4650,-870,14045,5242,1652,13352,5856,77,15439,3815,-751,13583,1607,158,15014,2990,4805,14956,5719,586,16846,5859,-3386,15412,5602,270,14299,4350,-1377,15399,2952,-3429,13706,1918,-220,12586,3753,1036,13812,4937,-884,13878,4633,-2457,11439,4146,-1543,12023,2427,625,12009,1425,-774,11032,2180,831,13974,4230,4708,13412,5151,-243,12575,5582,-2691,15583,3562,604,13171,3741,3364,15626,2553,-935,15218,3440,2240,14766,6776,2038,17549,6915,-3860,15259,5201,-2387,14666,2747,-1023
13412,3275,-3288,10857,2709,-217,12089,1950,1688,12070,2348,-633,12179,3261,736,13798,4926,4093,13957,6143,-463,14233,4949,-3098,15395,3136,2662,13674,4083,2400,16670,3864,-40,14554,4955,543,16657,6326,321,15556,5807,-1727,14588,3582,-3852,14660,2021,-158,12141,2700,638,13818,3281,-2004,12993,3685,-538,11851,4112,37,12355,2819,-2322,11889,2244,-2094,12380,1305,1905,11609,4176,2752,14248,5166,-462,14028,4831,-107,13209,6184,2520,15304,4438,-940,14020,2710,-591,15196,2450,2643,14363,5688,3092,16827,5711,-2682,15526,5478,-1919,14766,4481,728,14267,2614,-3158,14425,2448,-1706,13801,3352,876,12104,4180,-67,13491,3806,-2224,12425,2937,-2046,11130,2838,361,12353,2007,-77,12059,3119,-669,13350,4356,2856,13453,4866,3012,13388,6141,-3046,15206,3692,266,14515,4191,2785,14338,3522,832,15918,2611,-57,14173,5633,1737,17056,6348,-270,15627,5381,-3671,14072,2449,-2040,14121,2852,402,13500,3599,-877,13876,2907,-1091,11587,4101,95,12712,3616,-1293,12329,3214,-3167,12016,2127,-190,12496,2323,2655,11901,4517,971,14162,4988,-918
0,4108,-219,13649,2506,-1332,15650,2503,3359,14199,5665,2787,17121,5876,-3462,15691,5471,-1226,14501,4384,443,14793,3136,-3179,14390,3066,-1344,13801,3573,544,12428,4528,-305,13675,4312,-2388,12335,3313,-1823,11109,2403,632,12246,1688,80,11734,2781,-675,13314,3980,2895,13074,4371,2410,13070,5550,-2776,15100,3382,303,14230,4318,3399,14662,3777,268,15878,3150,-25,14393,6047,1854,17104,6688,-629,16042,5235,-3501,14327,2833,-1607,14099,3297,139,14091,4014,-1222,13695,3222,-1188,11521,3987,48,12684,3322,-1221,12270,2947,-2868,11681,1656,252,12188,2112,2707,11842,3977,645,13754,4669,-809,14172,5273,2687,13291,5376,44,15334,3826,-1278,13825,2465,1161,15618,3767,4329,14788,5943,-474,16825,5611,-2740,15406,5664,688,14134,4315,-1504,15418,2848,-3614,13416,2038,10,12417,3593,530,14059,4142,-1246,12806,3945,-1941,12062,3152,-427,11515,2515,250,12248,1968,-1419,11765,2893,893,13269,4973,4281,13683,4816,-792,12579,5342,-1429,15676,3705,1863,12950,4042,2187,16092,2552,-1445,14763,3858,2718,15087,6563,1682,17531,6353,-3519
